I1,I2,dof,nels,Volume,Field,maxerr,errorestim,V1,V2
-1.9745422503863033,1.9856114074817655,83205,56426,523167.62892559764,78.66105363933698,0.0036682713070989815,0.6602903805957236,4.227826844773776,-4.227826844773784
