I,I1,I2,dof,nels,Volume,Field,maxerr,errorestim
(0.29926383271252716+0.0870222727254838j),(-0.29432901016187646-0.08690389680344474j),(0.30069974958236445+0.08744297362890735j),83202,56426,523167.62892559776,(11.72904841410628+3.459598317197752j),0.00032493752245616033,0.11999772985699557
