freq,E1C2_real,E1C2_imag,E1C3_real,E1C3_imag,E1C4_real,E1C4_imag
10000.0,6.551426410515988,0.0,6.446608907552966,0.0,6.513410575330659,0.0
