Contact0,Contact1,Contact2,Contact3
-1.954128766309569,0.0,-0.9833495766724027,0.0
-3.810689353372182,-0.9334657749386084,-2.4372997795524505,0.7835616513153791
1.1134380645626507,-1.4445552842736928,3.6220867462691055,-3.436388572777118
