freq,real,imag
10000.0,13507.773707689,-1343.352404041805
