freq,real,imag
10000.0,13640.510298279203,-1361.5036047844305
