freq,real,imag
10000.0,13658.560546696433,-1363.2908619682134
