freq,real,imag
10000.0,12807.095847236722,-1277.9319634230565
