freq,real,imag
10000.0,13658.560546707286,-1363.2908619692964
