freq,real,imag
10000.0,13619.125232292305,-1358.8446850649518
