freq,real,imag
10000.0,12722.724784452132,-1269.8727677565425
