freq,real,imag
10000.0,13614.878037114397,-1358.9323772006446
