{
  "BrainRegion": {
    "Center": {
      "x[mm]": 0.794,
      "y[mm]": -32.671,
      "z[mm]": -0.618
    },
    "Dimension": {
      "x[mm]": 40.0,
      "y[mm]": 40.0,
      "z[mm]": 70.0
    },
    "Shape": "Ellipsoid"
  },
  "Electrodes": [
    {
      "Name": "BostonScientificVercise",
      "Rotation[Degrees]": 0,
      "Direction": {
        "x[mm]": 0.0,
        "y[mm]": 0.0,
        "z[mm]": 1.0
      },
      "TipPosition": {
        "x[mm]": 0.794,
        "y[mm]": -32.671,
        "z[mm]": -0.618
      },
      "Contacts": [
        {
          "Contact_ID": 1,
          "Active": true,
          "Current[A]": 0.0,
          "Voltage[V]": 1.0,
          "Floating": false
       },
        {
          "Contact_ID": 7,
          "Active": true,
          "Current[A]": 0.0,
          "Voltage[V]": 0.0,
          "Floating": false
        }
      ],
      "EncapsulationLayer": {
        "Thickness[mm]": 0.0,
        "Material": "Blood",
        "DielectricModel": "ColeCole4"
      }
    }
  ],
  "MaterialDistribution": {
    "MRIPath": "../../input_files/sub-John_Doe/JD_segmask.nii.gz",
    "MRIMapping": {
      "Gray matter": 1,
      "White matter": 2,
      "CSF": 3,
      "Blood": 4,
      "Unknown": 0
    },
    "DiffusionTensorActive": false,
    "DTIPath": ""
  },
  "DielectricModel": {
    "Type": "ColeCole4"
  },
  "StimulationSignal": {
    "CurrentControlled": false,
    "Type": "Multisine",
    "ListOfFrequencies": 
   [1.00000000e+01, 1.04737090e+01, 1.09698580e+01, 1.14895100e+01,
       1.20337784e+01, 1.26038293e+01, 1.32008840e+01, 1.38262217e+01,
       1.44811823e+01, 1.51671689e+01, 1.58856513e+01, 1.66381689e+01,
       1.74263339e+01, 1.82518349e+01, 1.91164408e+01, 2.00220037e+01,
       2.09704640e+01, 2.19638537e+01, 2.30043012e+01, 2.40940356e+01,
       2.52353917e+01, 2.64308149e+01, 2.76828663e+01, 2.89942285e+01,
       3.03677112e+01, 3.18062569e+01, 3.33129479e+01, 3.48910121e+01,
       3.65438307e+01, 3.82749448e+01, 4.00880633e+01, 4.19870708e+01,
       4.39760361e+01, 4.60592204e+01, 4.82410870e+01, 5.05263107e+01,
       5.29197874e+01, 5.54266452e+01, 5.80522552e+01, 6.08022426e+01,
       6.36824994e+01, 6.66991966e+01, 6.98587975e+01, 7.31680714e+01,
       7.66341087e+01, 8.02643352e+01, 8.40665289e+01, 8.80488358e+01,
       9.22197882e+01, 9.65883224e+01, 1.01163798e+02, 1.05956018e+02,
       1.10975250e+02, 1.16232247e+02, 1.21738273e+02, 1.27505124e+02,
       1.33545156e+02, 1.39871310e+02, 1.46497140e+02, 1.53436841e+02,
       1.60705282e+02, 1.68318035e+02, 1.76291412e+02, 1.84642494e+02,
       1.93389175e+02, 2.02550194e+02, 2.12145178e+02, 2.22194686e+02,
       2.32720248e+02, 2.43744415e+02, 2.55290807e+02, 2.67384162e+02,
       2.80050389e+02, 2.93316628e+02, 3.07211300e+02, 3.21764175e+02,
       3.37006433e+02, 3.52970730e+02, 3.69691271e+02, 3.87203878e+02,
       4.05546074e+02, 4.24757155e+02, 4.44878283e+02, 4.65952567e+02,
       4.88025158e+02, 5.11143348e+02, 5.35356668e+02, 5.60716994e+02,
       5.87278661e+02, 6.15098579e+02, 6.44236351e+02, 6.74754405e+02,
       7.06718127e+02, 7.40196000e+02, 7.75259749e+02, 8.11984499e+02,
       8.50448934e+02, 8.90735464e+02, 9.32930403e+02, 9.77124154e+02,
       1.02341140e+03, 1.07189132e+03, 1.12266777e+03, 1.17584955e+03,
       1.23155060e+03, 1.28989026e+03, 1.35099352e+03, 1.41499130e+03,
       1.48202071e+03, 1.55222536e+03, 1.62575567e+03, 1.70276917e+03,
       1.78343088e+03, 1.86791360e+03, 1.95639834e+03, 2.04907469e+03,
       2.14614120e+03, 2.24780583e+03, 2.35428641e+03, 2.46581108e+03,
       2.58261876e+03, 2.70495973e+03, 2.83309610e+03, 2.96730241e+03,
       3.10786619e+03, 3.25508860e+03, 3.40928507e+03, 3.57078596e+03,
       3.73993730e+03, 3.91710149e+03, 4.10265811e+03, 4.29700470e+03,
       4.50055768e+03, 4.71375313e+03, 4.93704785e+03, 5.17092024e+03,
       5.41587138e+03, 5.67242607e+03, 5.94113398e+03, 6.22257084e+03,
       6.51733960e+03, 6.82607183e+03, 7.14942899e+03, 7.48810386e+03,
       7.84282206e+03, 8.21434358e+03, 8.60346442e+03, 9.01101825e+03,
       9.43787828e+03, 9.88495905e+03, 1.03532184e+04, 1.08436597e+04,
       1.13573336e+04, 1.18953407e+04, 1.24588336e+04, 1.30490198e+04,
       1.36671636e+04, 1.43145894e+04, 1.49926843e+04, 1.57029012e+04,
       1.64467618e+04, 1.72258597e+04, 1.80418641e+04, 1.88965234e+04,
       1.97916687e+04, 2.07292178e+04, 2.17111795e+04, 2.27396575e+04,
       2.38168555e+04, 2.49450814e+04, 2.61267523e+04, 2.73644000e+04,
       2.86606762e+04, 3.00183581e+04, 3.14403547e+04, 3.29297126e+04,
       3.44896226e+04, 3.61234270e+04, 3.78346262e+04, 3.96268864e+04,
       4.15040476e+04, 4.34701316e+04, 4.55293507e+04, 4.76861170e+04,
       4.99450512e+04, 5.23109931e+04, 5.47890118e+04, 5.73844165e+04,
       6.01027678e+04, 6.29498899e+04, 6.59318827e+04, 6.90551352e+04,
       7.23263390e+04, 7.57525026e+04, 7.93409667e+04, 8.30994195e+04,
       8.70359136e+04, 9.11588830e+04, 9.54771611e+04, 1.00000000e+05]
  },
  "Mesh": {
    "LoadMesh": false,
    "MeshElementOrder": 2,
    "MeshingHypothesis": {
      "Type": "Fine",
      "MaxMeshSize": 10
    },
    "HPRefinement": {
      "Active": true 
    },
    "MeshSize": {
      "Edges": {},
      "Faces": {},
      "Volumes": {}
    },
    "SaveMesh": false
  },
  "Solver": {
    "Type": "CG",
    "Preconditioner": "bddc",
    "PreconditionerKwargs": {},
    "PrintRates": true,
    "MaximumSteps": 400,
    "Precision": 1e-8
  },
  "PointModel": {
    "Pathway": {
      "Active": false,
      "FileName": ""
    },
    "Lattice": {
      "Active": false,
      "Center": {
        "x[mm]": 0.794,
        "y[mm]": -32.671,
        "z[mm]": -0.618
      },
      "Shape": {
        "x": 40,
        "y": 40,
        "z": 160
      },
      "Direction": {
        "x[mm]": 0,
        "y[mm]": 0,
        "z[mm]": 1
      },
      "PointDistance[mm]": 0.125
    }
  },
  "ActivationThresholdVTA[V-per-m]": 200.0,
  "CollapseVTA": false,
  "DielectricAccuracy": 1e-12,
  "EQSMode": true,
  "FEMOrder": 2,
  "OutputPath": "Results_NoInterface_Lempka_Spectrum",
  "ComputeImpedance": true,
  "ComputeCurrents": true,
  "ExportVTK": false,
  "ExportElectrode": false
}
